Question,Answer
1. What is the content of the sample PDF file provided?,The content of the sample PDF file provided is a Lorem Ipsum text. It contains placeholder text commonly used in the publishing and graphic design industries.
2. What is the purpose of the Lorem ipsum text in the PDF file?,The Lorem ipsum text in the PDF file is placeholder text commonly used in publishing and graphic design to demonstrate the layout of a document without the distraction of meaningful content. It is used to fill space until the actual content is ready to be inserted.
3. What are some of the key topics mentioned in the PDF file?,"Some of the key topics mentioned in the PDF file are:
- Lorem ipsum text
- Phasellus facilisis
- Curabitur suscipit
- Nullam vel nisi
- Etiam semper ipsum
- Proin aliquam
- Cras laoreet ligula
- Aenean scelerisque
- Vestibulum dictum aliquet
- Vivamus sollicitudin
- Suspendisse libero odio
- Aliquam erat volutpat
- Pellentesque sit amet lectus
- Praesent pulvinar
- Duis tincidunt
- Pellentesque vestibulum convallis
- Curabitur tincidunt dapibus
- Phasellus lorem arcu
- Aenean pellentesque
- Pellentesque dui nisi
- Ut odio justo
- Donec lacinia
- Fusce erat nibh
- Vivamus facilisis
- Maecenas a pede
- Morbi elit nunc
- Vivamus varius
- Ut sit amet diam suscipit
- Sed varius
- Duis arcu
- Phasellus congue"
4. How is the content structured in the PDF file?,The content in the PDF file is structured in paragraphs with Lorem Ipsum text.
5. Can you identify any specific programming languages or technologies mentioned in the PDF file?,I don't see any specific programming languages or technologies mentioned in the provided text.
"6. What is the significance of phrases like ""Vestibulum dictum aliquet sem"" and ""Pellentesque sit amet lectus"" in the PDF file?","The phrases ""Vestibulum dictum aliquet sem"" and ""Pellentesque sit amet lectus"" are examples of Lorem Ipsum text commonly used as a placeholder in publishing and graphic design to simulate the appearance of real text without actually having any specific meaning. They are not significant in terms of conveying information or having a specific message."
7. How does the PDF file describe the process of creating and manipulating data?,"I'm sorry, but the provided text does not contain information about the process of creating and manipulating data."
8. What are some of the challenges or obstacles mentioned in the PDF file related to programming or coding?,"I'm sorry, but there is no mention of challenges or obstacles related to programming or coding in the provided text."
9. How does the PDF file discuss the importance of collaboration and communication in coding projects?,"I'm sorry, but there is no mention of collaboration and communication in coding projects in the provided text."
10. Can you identify any best practices or recommendations for coding mentioned in the PDF file?,I don't have information on specific coding best practices or recommendations mentioned in the PDF file.
